twitter_username,twitter_userid,domain,name,followers_count,tweet_count
BarackObama,813286,obamabook.com,BarackObama,13444655,16467
justinbieber,27260086,smarturl.it,Justin Bieber,114357427,31399
katyperry,21447363,katyperry.com,KATY PERRY,108900656,11625
rihanna,79293791,rihannanow.com,Rihanna,106201663,10630
Cristiano,155659213,,Cristiano Ronaldo,99274403,3780
taylorswift13,17919972,grmypro.co,Taylor Swift,90373941,716
ladygaga,14230524,,The Countess,84576292,9744
elonmusk,44196397,,Elon Musk,82898543,17487
TheEllenShow,15846407,ellentube.com,Ellen DeGeneres,77595645,23819
KimKardashian,25365536,AppStore.com,Kim Kardashian West,72170641,35405
selenagomez,23375688,smarturl.it,Selena Gomez,65791273,5388
jtimberlake,26565946,justintimberlake.com,Justin Timberlake,63231222,4348
BillGates,50393960,gatesnotes.com,Bill Gates,58128522,3848
neymarjr,158487331,neymaroficial.com,Neymar Jr,56508547,42181
britneyspears,16409683,britney.lk,Britney Spears,55863848,5632
ddlovato,21111883,demilovato.com,Demi Lovato,54260759,17793
shakira,44409004,rov.io,Shakira,52803100,7805
jimmyfallon,15485441,tonightshow.com,jimmy fallon,51467139,14098
KingJames,23083404,LeBronJames.com,LeBron James,51182528,8347
imVkohli,71201743,,Virat Kohli ,47768699,2593
SrBachchan,145125358,srbachchan.tumblr.com,Amitabh Bachchan,47422403,68863
MileyCyrus,268414482,,Miley Ray Cyrus,46761161,12102
JLo,85603854,jlo.lk,Jennifer Lopez,45294203,17819
akshaykumar,31348594,,Akshay Kumar,44469770,41232
BeingSalmanKhan,132385468,,Salman Khan,44044158,43128
Oprah,19397785,oprah.com,Oprah Winfrey,43257237,13546
BrunoMars,100220864,brunomars.com,Bruno Mars,43245574,4934
iamsrk,101311381,,Shah Rukh Khan,42481882,58278
NiallOfficial,105119490,onedirectionmusic.com,Niall Horan,41310890,18253
KylieJenner,236699098,,Kylie Jenner,39787724,14241
Drake,27195114,octobersveryown.com,Drizzy,39471367,1796
Harry_Styles,181561712,onedirectionmusic.com,Harry Styles.,37607381,5612
sachin_rt,135421739,,sachin tendulkar,37217742,4244
KevinHart4real,23151437,whatnowtour.com,Kevin Hart,37169187,41460
wizkhalifa,20322929,wizkhalifa.com,Cameron,36443673,49869
Louis_Tomlinson,84279963,,Louis Tomlinson,36036127,7609
LilTunechi,116362700,youngmoney.com,Lil Wayne WEEZY F,34921888,2487
KendallJenner,157140968,,Kendall Jenner,32073884,9649
chrisbrown,119509520,chrisbrownworld.com,Chris Brown,32067941,4614
Pink,28706024,,P!nk,31594739,8130
iHrithik,113419517,,Hrithik Roshan,31577837,6016
onedirection,209708391,onedirectionmusic.com,One Direction,31213574,9762
zaynmalik,176566242,,zayn,31003671,3686
kanyewest,169686021,KANYEWEST.COM,KANYE WEST,30796560,1910
aliciakeys,35094637,aliciakeys.com,Alicia Keys,30086442,10732
khloekardashian,32959253,khloewithak.com,Khloé,29945776,67130
KAKA,60865434,,Kaka,29311125,5290
ConanOBrien,115485051,teamcoco.com,Conan O'Brien,28563756,5124
priyankachopra,18681139,iampriyankachopra.com,PRIYANKA ,27716583,22220
deepikapadukone,101695592,,Deepika Padukone,27608800,665
Adele,184910040,adele.com,Adele,27422005,356
ShawnMendes,379408088,,Shawn Mendes,26767772,15429
kourtneykardash,23617610,,Kourtney Kardashian,26478393,14264
MesutOzil1088,533085085,mesutoezil.com,Mesut Özil,26179280,2273
ActuallyNPH,90420314,,Neil Patrick Harris,25645964,3234
andresiniesta8,90836187,andresiniesta.es,Andrés Iniesta,25303336,3238
pitbull,31927467,youtube.com,Pitbull,25128103,8500
NICKIMINAJ,35787166,,NICKI MINAJ,24934054,43201
danieltosh,25521487,danieltosh.com,daniel tosh,24273425,21
arrahman,19895282,arrahman.com,A.R.Rahman,24087431,6411
coldplay,18863815,coldplay.com,Coldplay,23602653,9112
AnushkaSharma,54829997,,Anushka Sharma,23016220,4702
virendersehwag,92724677,sehwagworld.com,Virender Sehwag,22838833,12197
Eminem,22940219,eminem.com,Marshall Mathers,22613131,1139
MariahCarey,19248106,mariahcarey.com,Mariah Carey,21793227,10537
MichelleObama,409486555,barackobama.com,Michelle Obama,21683757,1901
aliaa08,183230911,,SHAANDAAR Alia,21394998,5513
Zendaya,154280902,crowdrise.com,Zendaya,20737698,58446
AvrilLavigne,73992972,smarturl.it,Avril Lavigne,20670200,4405
10Ronaldinho,29479000,,Ronaldinho Gaúcho,20630756,5945
ImRo45,121046433,,Rohit Sharma ,20423003,2561
Dr_alqarnee,242245578,youtube.com,عائض القرني,20419616,70180
3gerardpique,224223563,,Gerard Piqué,20379985,3130
ricky_martin,40255499,bit.ly,Ricky Martin,20256170,7604
davidguetta,23976386,davidguetta.com,David Guetta,20211389,6287
SnoopDogg,3004231,YouTube.com,Snoop Dogg,20011554,42481
ImRaina,121044171,,Suresh Raina,19961669,7013
blakeshelton,14920785,blakeshelton.com,Blake Shelton,19857302,12879
AlejandroSanz,43152482,alejandrosanz.com,Alejandro Sanz,19778216,30777
AnupamPkher,76294950,actorprepares.net,Anupam Kher,19737080,41548
KDTrey5,35936474,,Kevin Durant,19735946,24558
LeoDiCaprio,133880286,leonardodicaprio.com,Leonardo DiCaprio,19598263,2589
MohamadAlarefe,219255067,arefe.com,د. محمد #العريفي,19571719,23310
StephenAtHome,16303106,,Stephen Colbert,19385363,7015
KapilSharmaK9,1492538024,kapilsharma.org,KAPIL,19114568,11085
SergioRamos,151123001,sergioramos.com,Sergio Ramos,19072854,4326
jamesdrodriguez,280701704,jamesrodriguez.com.co,James Rodríguez,19043536,2901
JimCarrey,52551600,jimcarrey.com,Jim Carrey,18971528,4690
GarethBale11,740336334,,Gareth Bale,18829242,1661
shugairi,175883705,i7san.net,أحمد الشقيري,18430752,2135
agnezmo,42420346,agnezmo.com,AGNEZ MO,17892377,15713
edsheeran,85452649,,Ed Sheeran,17643447,23504
karanjohar,57928790,,Karan Johar,17330984,11782
RobertDowneyJr,47786101,,Robert Downey Jr,17326439,867
FALCAO,58531272,,Radamel Falcao,17315321,6767
WayneRooney,285332860,waynerooney.com,Wayne Rooney,17236762,3266
aplusk,19058681,,ashton kutcher,17165748,10641
DaniloGentili,14213711,danilogentili.com,Danilo Gentili,17143630,84621
ivetesangalo,14502789,ivetesangalo.com,Ivete Sangalo,17102340,45373
LuisSuarez9,213745334,luissuarez16.com,Luis Suarez,17064962,1570
ParisHilton,24929621,ParisHilton.com,Paris Hilton,16917112,25801
xtina,268439864,christinaaguilera.com,Christina Aguilera,16703319,2946
tomhanks,50374439,playtone.com,Tom Hanks,16320387,948
TheRock,250831586,,Dwayne Johnson,16065568,26045
theweeknd,255388236,theweeknd.co,The Weeknd,16045982,4376
StephenCurry30,42562446,Stephencurry30.com,Stephen Curry,16029103,7735
elissakh,278235826,elissalb.com,Elissa,15768824,62753
Asli_Jacqueline,79708561,,Jacqueline Fernandez,15722756,7620
RafaelNadal,344634424,rafaelnadal.com,Rafa Nadal,15703473,3140
SHAQ,17461978,,SHAQ,15649101,10185
radityadika,47363197,radityadika.com,raditya dika,15642125,52723
juniorbachchan,87170183,,Abhishek Bachchan ,15603511,33358
ChrisEvans,580097412,,Chris Evans,15548144,2034
NancyAjram,470307418,youtu.be,Nancy Ajram,15528692,25047
shahidkapoor,56631494,,Shaandaar Kapoor,15489591,7857
Beyonce,31239408,beyonce.com,Beyoncé Knowles,15459969,19
paulocoelho,5520952,paulocoelhoblog.com,Paulo Coelho,15429700,36359
CMYLMZ,126571977,cmylmz.com,Cem Yılmaz,15406764,2191
ajaydevgn,65659343,,Ajay Devgn,15359811,3548
ZacEfron,492399548,zacefron.com,Zac Efron,15262040,1822
daddy_yankee,36483808,youtu.be,Daddy Yankee,15224432,22985
aguerosergiokun,139092348,sergioaguero.com,Sergio Kun Aguero,15067967,5127
kobebryant,1059194370,kobebryant.com,Kobe Bryant,14987909,1906
RyanSeacrest,16190898,ryanseacrest.com,Ryan Seacrest,14980836,18652
mangeshkarlata,155151279,en.wikipedia.org,Lata Mangeshkar,14942414,3528
Benzema,1964571728,carbu.link,Karim Benzema,14921640,3179
camerondallas,405728790,m.youtube.com,Cameron Dallas,14856732,1479
gusttavo_lima,126676337,gusttavolima.com.br,Gusttavo Lima,14775409,20872
rickygervais,20015311,rickygervais.com,Ricky Gervais,14774243,70105
RealHughJackman,27042513,,Hugh Jackman,14767942,4146
neiltyson,19725644,haydenplanetarium.org,Neil deGrasse Tyson,14635922,7707
ClaudiaLeitte,48332360,claudialeitte.com,Claudia Leitte,14580269,59518
felipeneto,14128609,youtube.com,Felipe Neto,14550030,15693
ParineetiChopra,33801019,,Parineeti Chopra,14501748,8837
annecurtissmith,23563916,anne.ph,Anne Curtis-Smith,14396835,53494
vicegandako,186712788,,jose marie viceral,14391053,24261
ShraddhaKapoor,317034396,,Shraddha Kapoor,14323785,5720
BigSean,17915334,uknowbigsean.com,Big Sean,14252575,21152
maroon5,24886570,maroon5.com,Maroon 5,14240910,7391
Alwaleed_Talal,1244602586,alwaleed.com.sa,الوليد بن طلال,14240722,433
JColeNC,19028953,dreamvillain.net,J. Cole,14219202,2865
nickjonas,56783491,nickjonas.com,Nick Jonas,14214626,6244
jk_rowling,62513246,jkrowling.com,J.K. Rowling,13999909,14714
D_DeGea,265982289,degea1.com,David De Gea,13850807,2563
marcosmion,36152770,,snap - mionoficial,13848675,28163
johnlegend,18228898,johnlegend.com,John Legend,13841146,16156
SethMacFarlane,18948541,,Seth MacFarlane,13758580,331
TreySongz,24966423,smarturl.it,Trey Songz,13747262,14709
JohnCena,141664648,,John Cena,13684151,7165
LucianoHuck,43023158,globo.com,Luciano Huck,13262926,12427
sonamakapoor,51376979,,Sonam Kapoor,13256435,20444
salman_alodah,78010944,youtube.com,سلمان العودة,13018624,46980
143redangel,61507091,angellocsin.com.ph,Angel Locsin,12735874,12300
rogerfederer,1337785291,rogerfederer.com,Roger Federer,12727147,2185
richardbranson,8161232,virgin.com,Richard Branson,12684554,26169
FarOutAkhtar,97865628,excelmovies.com,Farhan Akhtar,12672222,9338
chetan_bhagat,44588485,chetanbhagat.com,Chetan Bhagat,12616681,16546
5SOS,264107729,,5 Seconds of Summer,12588852,28651
50cent,18222378,smarturl.it,50cent,12543633,17544
stephenfry,15439395,stephenfry.com,Stephen Fry,12480862,25596
ashleytisdale,18091904,thehautemess.com,AshleyTisdaleFrench,12353401,11000
MarceloM12,932429090,,Marcelo Vieira,12345749,1989
thekiranbedi,68977380,kiranbedi.com,Kiran Bedi,12307303,37690
Carles5puyol,136007061,carles5puyol.com,Carles Puyol,12280670,2487
KrisJenner,23613479,krisjenner.com,Kris Jenner,12277689,14100
SarahKSilverman,30364057,youtube.com,Sarah Silverman,12257128,19783
iamwill,49573859,will.i.am,will.i.am,12049866,8873
Usher,40908929,chains.tidal.com,Usher Raymond IV,12000005,6189
LunaMaya26,128841198,itslunamaya.com,luna maya,11943877,15870
CalvinHarris,18625669,,Calvin Harris,11911307,148
jimmykimmel,26053643,youtube.com,Jimmy Kimmel,11907785,7862
LittleMix,380399508,little-mix.com,Little Mix,11896737,34934
victoriabeckham,185314895,victoriabeckham.com,Victoria Beckham,11878971,4024
luansantana,59156773,luansantana.com.br,Luan Santana,11744528,14626
MustafaHosny,60576219,mustafahosny.com,Mustafa Hosny,11735163,49549
Trevornoah,46335511,trevornoah.com,Trevor Noah,11719477,11537
ciara,28897926,smarturl.it,Ciara,11677455,12083
XabiAlonso,183387449,,Xabi Alonso,11671266,600
kendricklamar,23561980,txdxe.com,Kendrick Lamar,11670183,4227
mindykaling,23544596,bit.ly,Mindy Kaling,11619685,20721
amrdiab,46247180,amrdiab.net,Amr Diab,11554240,3130
juanes,47288005,juanes.net,JUANES,11523768,12860
Tatawerneck,62557485,,Tata werneck,11516867,24607
EugenioDerbez,46527223,eugenioderbez.tv,Eugenio Derbez,11450660,10434
Ludacris,17696167,ludaversal.com,Ludacris,11412236,22300
rafinhabastos,18297088,rafinhabastos.com.br,Rafinha Bastos,11398906,35920
rioferdy5,155927976,5mag.co,Rio Ferdinand,11371859,21993
MarcAnthony,254274083,marcanthonyonline.com,Marc Anthony,11327261,7512
Riteishd,57998991,,Riteish Deshmukh ,11265705,28617
amrkhaled,66959303,AmrKhaled.net,Amr Khaled,11177532,18265
MeekMill,20567939,smarturl.it,Meek Mill,11144134,16840
rustyrockets,19562228,russellbrand.com,Russell Brand,11125622,16685
billmaher,19697415,billmaher.com,Bill Maher,10987501,5135
JKCorden,215952307,,Jkcorden,10959623,13911
SimonCowell,413487212,,Simon Cowell,10932809,1880
RNTata2000,277434037,,Ratan N. Tata,10900113,176
serenawilliams,26589987,serenawilliams.com,Serena Williams,10710026,14651
Pharrell,338084918,smarturl.it,Pharrell Williams,10659074,4738
maddow,16129920,rachel.msnbc.com,Rachel Maddow MSNBC,10650294,19511
JBALVIN,44670915,jbalvinelnegocio.com,J BALVIN,10643449,31729
bernardokath,197807757,,KATH,10493296,6621
Ricardo_Arjona,17549677,ricardoarjona.com,Ricardo Arjona ®,10464751,4870
BruMarquezine,58603510,,Bruna Marquezine,10458715,19445
QueenRania,36412963,,Rania Al Abdullah,10457971,2220
MadhuriDixit,220228167,madhuridixit-nene.com,Madhuri Dixit-Nene,10432902,9315
charliesheen,259379883,charliesheen.com,Charlie Sheen,10417906,2323
cuervotinelli,789856765,,marcelo tinelli,10320445,77892
Luke5SOS,403245020,,Luke Hemmings,10260691,9453
JoelOsteen,20545055,JoelOsteen.com,Joel Osteen,10170603,21245
Michael5SOS,403246803,5sosf.am,Michael Clifford,10164191,12770
azizansari,6480682,azizansari.com,Aziz Ansari,10090313,7586
andersoncooper,15224867,andersoncooper.com,Anderson Cooper,10032998,18362
cesc4official,185827887,cescfabregas.com,Cesc Fàbregas Soler,10017890,5803
joejonas,104249727,republicrec.co,J O E  J O N A S,10001628,11365
TareqAlSuwaidan,122969292,suwaidan.com,د. طارق السويدان,9960239,21775
davidbisbal,57099808,davidbisbal.com,David Bisbal,9948896,19062
VictoriaJustice,50037051,vjustice.co,Victoria Justice,9936323,21821
ToniKroos,330446733,toni-kroos.com,Toni Kroos,9925058,3165
realwbonner,52471614,g1.com.br,William Bonner,9923222,10161
Anahi,30040682,youtube.com,Anahi,9857237,8381
jorgeemateus,41043596,jorgeemateus.com.br,Jorge & Mateus,9818015,21026
thalia,4101221,Thalia.com,Thalia,9795352,24006
LuisFonsi,24702915,luisfonsi.com,Luis Fonsi ,9780337,11891
DwyaneWade,33995409,dwyanewade.com,DWade,9632065,15020
carlyraejepsen,24852465,carlyraemusic.com,Carly Rae Jepsen,9585529,7112
AdamSchefter,51263592,,Adam Schefter,9453827,59882
Caradelevingne,321970500,iamcaradelevingne.tumblr.com,Cara Delevingne,9377955,7564
Persie_Official,230845588,robinvanpersie.com,Robin van Persie,9343751,1040
DaniAlvesD2,142204481,danialves.com,Daniel Alves,9302026,8338
Sethrogen,443215941,hilarityforcharity.org,Seth Rogen,9297231,11396
carmeloanthony,42384760,THISISMELO.com,Carmelo Anthony,9294105,3348
CHAYANNEMUSIC,29749448,chayanne.com,CHAYANNE,9277212,4976
montanertwiter,55033131,,Ricardo Montaner,9248392,58199
raisa6690,63695781,,Raisa Andriana,9231718,27028
MarceloTas,6741632,blogdotas.com.br,Marcelo Tas,9208659,23412
MirzaSania,87174678,saniamirzatennisacademy.com,Sania Mirza,9200614,7875
Tip,117778179,grandhustlegang.com,T.I.,9177082,19829
imdanielpadilla,328918379,,Daniel Padilla,9156692,3273
CarlosLoret,68844197,carlosloret.com,Carlos Loret de Mola,9127018,101303
FabioPorchat,33804533,fabioporchat.com.br,Fabio Porchat,9110618,13724
anandmahindra,34197952,mahindra.com,anand mahindra,9095110,23133
DjokerNole,259925559,mobile.novakdjokovic.com,Novak Djokovic,9083659,3888
sardesairajdeep,56304605,rajdeepsardesai.net,Rajdeep Sardesai,9041449,72906
AustinMahone,196795202,,Austin Mahone,9020188,42571
troyesivan,53338746,troye.si,Troye Sivan,8971189,18356
SamuelLJackson,75974281,samuelljackson.com,Samuel L. Jackson,8945573,3828
marcoluque,20432727,youtube.com,Marco Luque,8919718,24234
bhogleharsha,78941611,,Harsha Bhogle,8909799,63512
Guaje7Villa,426738834,davidvilla7.com,David Villa,8897123,2788
CH14_,618420295,,Chicharito Hernandez,8856736,2490
matsu_bouzu,1401587503,,松本人志,8853551,898
DavidLuiz_4,344801362,,David Luiz,8755430,2429
SteveMartinToGo,14824849,stevemartin.com,Steve Martin,8743653,876
MonsieurDream,6661522,cyprien.fr,Cyprien,8654605,17122
LuceroMexico,94900238,lucero.com.mx,Lucero,8648372,47883
mcuban,16228398,cyberdust.com,Mark Cuban,8646913,4424
jessicaalba,92367751,,Jessica Alba,8634995,6639
IBGDRGN,637313893,,G-DRAGON,8610382,4802
najwakaram,462004145,najwakaram.com,Najwa Karam,8602093,42148
SofiaVergara,91390383,sofiavergara.com,Sofia Vergara,8580098,9779
vidialdiano,42513459,vidialdiano.com,Vidi Aldiano,8566753,32124
ABdeVilliers17,139876086,abdevilliers.com,AB de Villiers,8505614,5764
MartinGarrix,134234000,martingarrix.com,MARTIN GARRIX,8502812,16896
GaryLineker,471287735,,Gary Lineker,8452602,44130
RaffiAhmadLagi,401866664,raffinagita.id,Raffi Ahmad,8440489,13325
CP3,53853197,chrispaul3.com,Chris Paul,8436121,6545
msdhoni,92708272,,Mahendra Singh Dhoni,8434060,480
lindsaylohan,65992743,official.lindsaylohan.com,Lindsay Lohan,8270568,352
abdulrahman,322606204,,عبدالرحمن بن مساعد,8262046,47590
steveaoki,17019152,smarturl.it,Steve Aoki,8243012,47030
carrieunderwood,386244525,carrieunderwoodofficial.com,Carrie Underwood,8239468,5719
JessieJ,36008570,jessiejofficial.com,Jessie J,8119158,20958
Mascherano,313913938,,Javier Mascherano,8113997,1813
prattprattpratt,241382835,,chris pratt,8079629,4044
NajwaShihab,16912985,,Najwa Shihab,8075093,25836
Ibra_official,461922813,,Zlatan Ibrahimović,8061920,809
lopezdoriga,236636515,lopezdoriga.com,Joaquín López-Dóriga,8056348,412131
IAMQUEENLATIFAH,50826280,queenlatifah.com,Queen Latifah,8050741,6373
HamzaNamira,110681593,hamzanamira.com,Hamza Namira,7988427,7347
juanmata8,140750163,juanmata8.com,Juan Mata García,7967312,3106
piersmorgan,216299334,,Piers Morgan,7963326,147420
MacMiller,23065354,macmillerswebsite.com,Mac,7956922,207
shrutihaasan,33868638,myspace.com,shruti haasan,7930527,16993
adamlevine,58528137,maroon5.com,Adam Levine,7916864,5975
FloydMayweather,42519612,themoneyteam.com,Floyd Mayweather,7862935,7854
chelseahandler,19877186,chelseahandler.com,Chelsea Handler,7843554,13064
channingtatum,6427882,channingtatumunwrapped.com,Channing Tatum,7744036,7167
Zedd,155705264,smarturl.it,Zedd,7708703,35375
JeremyClarkson,527526077,,Jeremy Clarkson,7684272,7821
IGGYAZALEA,153694176,iggyazalea.com,IGGY AZALEA,7647257,9576
ariyoshihiroiki,114446939,,有吉弘行,7644232,21612
gadelmaleh,498840131,gadelmaleh.com,Gad Elmaleh,7643836,5591
JuanLuisGuerra,104974333,vevo.ly,Juan Luis Guerra,7642167,1646
TripleH,355708717,,Triple H,7601751,7497
GordonRamsay,110365072,gordonramsay.com,Gordon Ramsay,7569963,24347
JHarden13,50811932,,James Harden,7549365,13333
SpiderAnderson,246225682,spidersilva.com,Anderson Silva,7511295,3882
iamsuperbianca,32751684,iamsuperbianca.com,Bianca Gonzalez,7482378,58584
KadimAlSahirORG,500194345,,كاظم الساهر,7476525,4311
aristeguicnn,169279319,cnnespanol.com,Carmen Aristegui,7474120,2833
OMARCHAPARRO,16721910,omarchaparro.com.mx,Omar Chaparro,7469483,31790
SamiAlJaber,254152016,,سامي الجابر,7437404,8352
YengPLUGGEDin,64038747,youtu.be,Yeng Constantino,7415086,42287
fayez_malki,619293948,,فايز المالكي,7395587,51338
DebbouzeJamel,255030147,jameldebbouze.fr,Jamel Debbouze,7358518,5431
amrwaked,230288829,zadcomm.com,Amr Waked,7325245,23404
waleedalfarraj,220557145,,وليد_الفراج#,7305928,47952
GalileaMontijo,102729125,galileamontijo.tv,Galilea Montijo,7302844,22536
cuneytozdemir,30631061,dipnot.tv,cüneyt özdemir,7285927,41427
hollywills,20508222,officialhollywilloughby.com,Holly Willoughby,7272436,7207
robkardashian,27989078,,ROBERT KARDASHIAN,7258909,1705
LewisHamilton,213969309,lewis.social,Lewis Hamilton,7253746,1186
HaifaWehbe,20837438,haifawehbe.com,Haifa Wehbe,7249293,23033
paugasol,163559269,paugasol.com,Pau Gasol,7248127,15140
7sainaljassmi,316053407,hussainaljassmi.com,Aljassmi حسين الجسمي,7237984,12309
BDUTT,19929890,,barkha dutt,7234502,147509
HARDWELL,21787625,,Hardwell,7206014,12213
hazardeden10,366592246,,Eden hazard,7204811,1657
shreyaghoshal,55520719,shreyaghoshal.com,Shreya Ghoshal,7202691,24589
DulceMaria,79327591,dulcemaria.com.mx,Dulce Maria,7178120,33010
iansomerhalder,58233603,omaze.com,Ian Somerhalder,7150935,10099
Calum5SOS,403255314,5sos.com,Calum Hood,7080747,15148
ninadobrev,73443014,ninadobrev.com,Nina Dobrev,7065376,7474
raphaelvarane,550202880,raphael-varane.net,Raphaël Varane,7046372,1669
AnnaKendrick47,59949396,,Anna Kendrick,7001752,2470
MissyElliott,145499533,,Missy Elliott,6987596,92012
MirandaCosgrove,25970331,,Miranda Cosgrove,6983640,7021
NormanDesVideos,45865160,m.youtube.com,Norman Thavaud,6963484,5515
TheFarahKhan,195703895,,Farah Khan,6948126,4150
Khunnie0624,120178497,,นิชคุณ Buck หรเวชกุล,6929453,5615
brozoxmiswebs,107120856,victortrujillo.com.mx,brozo xmiswebs,6916463,73844
KELLYROWLAND,30782495,KellyRowland.com,KELENDRIA ROWLAND,6902580,14197
okanbayulgen,266644093,,okan bayulgen,6900131,6424
VhongX44,46602211,,Vhong Navarro,6899549,3765
atademirer,170428440,,atademirer,6881334,2376
LMFAO,19691643,partyrockpeople.com,LMFAO,6868196,5784
EvaLongoria,110827653,jcp.is,Eva Longoria,6865260,17780
russwest44,35982046,,Russell Westbrook,6857659,5972
antanddec,17386885,officialantanddec.com,antanddec,6817801,15924
CodySimpson,79650494,radi.al,Cody Simpson,6794646,34069
mirandalambert,34738598,mirandalambert.com,Miranda Lambert,6793766,5871
alexoficial,59900378,alejandrofernandez.com,Alejandro Fernandez,6783668,8601
DemetAkalin,150566311,demetakalin.com.tr,Demet Akalin Kurt,6766479,90730
Fearnecotton,19818494,officialfearnecotton.com,fearne cotton,6739249,20806
jimmycarr,17020962,jimmycarr.com,Jimmy Carr,6732362,4837
SalehAlmoghamsy,275546719,youtube.com,الشيخ صالح المغامسي,6710663,11243
lucyhale,29756339,lucyhale.com,Lucy Hale,6704121,19621
TomCruise,48410093,TomCruise.com,Tom Cruise,6699629,10869
ScottDisick,101928415,,Scott Disick,6695067,2793
VanessaHudgens,274119641,vanessahudgens.tumblr.com,Vanessa Hudgens,6687740,4586
bipsluvurself,107318424,bipashabasunet.com,Bipasha Basu,6662381,12252
TigerWoods,32453930,TigerWoods.com,Tiger Woods,6647194,1312
Bourdain,14353392,,Anthony Bourdain,6646761,13370
belindapop,40527958,belindamusic.net,Belinda,6635505,9093
Talhabeeb,275558381,,أ. د. طارق الحبيب,6611238,44065
PrinceRoyce,65186457,smarturl.it,Prince Royce,6607167,18002
tylerperry,58598187,tylerperry.com,Tyler Perry,6593727,2470
SandraDewi88,45278605,sandradewi.blogseleb.com,Sandra Dewi,6553884,37817
bellathorne,48177728,imdb.com,bella thorne,6544599,77280
RitaOra,27725199,smarturl.it,Rita Ora,6537232,14228
CherLloyd,209994211,,Cher Lloyd,6514727,6507
manugavassi,31547933,manugavassi.com.br,Manu Gavassi,6495317,42845
G_Higuain,205011496,,Gonzalo Higuaín,6493466,382
NeYoCompound,26895879,,NE-YO,6480218,16823
TheShilpaShetty,115341081,bestdealtv.in,SHILPA SHETTY KUNDRA,6458724,7553
jccaylen,139539038,kianandjctour.com,☁︎jc,6424463,41572
DwightHoward,16812787,dwighthoward.com,Dwight Howard,6379421,23529
elliegoulding,20565284,elliegoulding.com,Ellie Goulding,6368723,18132
Wale,17929027,everybluemoon.com,Young Olu the Genius,6360696,26907
ElBaradei,119360445,ar-ar.,Mohamed ElBaradei,6359956,4615
JoyceMeyer,15809249,joycemeyer.org,Joyce Meyer,6340143,80377
Nashgrier,310072711,itun.es,Nash Grier,6301821,32793
jack,12,,Jack,6292980,28436
Ashton5SOS,439125710,hiorheyrecords.com,Ashton Irwin,6288098,12656
RandyOrton,168767461,,Randy Orton,6284366,3828
Residente,39203045,,Residente,6283844,29748
dannapaola,112057739,,Danna Paola,6279702,24218
raghebalama,55043362,ragheb-alama.com,Ragheb Alama,6261969,42277
JessicaSimpson,29840295,jessicasimpson.com,Jessica Simpson,6222269,2841
oserginho,65151248,altashoras.globo.com,Serginho Groisman,6196348,9332
Akon,25421094,akon.com,AKON,6193666,1842
maryjblige,54951973,maryjblige.com,Mary J. Blige,6171722,7138
ChespiritoRGB,305085584,,Roberto G. Bolaños,6170246,3016
ahickmann,43394391,anahickmann.com.br,Ana Hickmann,6160047,25926
jackwhitehall,17336417,jackwhitehall.com,Jack Whitehall,6123225,10755
dylanobrien,281766200,imdb.com,Dylan O'Brien,6108420,1643
BillNye,37710752,billnyebooks.com,Bill Nye,6094342,2511
kasimf,96083073,,فيصل القاسم,6058695,123078
battalalgoos,251600033,,بتال القوس ,6055859,39142
kevadamsss,55616342,kevadams.fr,Kev.Adams,6051225,12668
lulopilato,38741679,,Luisana Lopilato,6024449,7712
Metallica,238475531,metallica.com,Metallica,6018820,4875
ayushmannk,38403110,ayushmannk.tumblr.com,Ayushmann Khurrana,6018665,22162
ImZaheer,109275593,zaheerkhans.com,zaheer khan,6011188,1223
Cyrilhanouna,378632690,teamhanouna.com,Cyril Hanouna,6000961,14396
SandyLeah,51509917,sandyoficial.com.br,Sandy Leah,5968374,5625
acunilicali,342562305,acunn.com,Acun Ilıcalı,5955030,685
Skrillex,18825961,,SKRILLEX,5948969,14270
aarbeloa17,34949757,,Álvaro Arbeloa,5948389,7512
snooki,28638191,thesnookishop.com,Nicole Polizzi,5945572,35980
danawhite,21586418,ufc.com,Dana White,5884913,39291
linkinpark,19373710,linkinpark.com,LINKIN PARK,5866226,6486
krungy21,828742454,,Sandara Park,5861283,9174
micheltelo,38185503,micheltelo.com,Michel Teló,5836688,168199
bclsinclair,41626669,bclofficial.com,bunga citra lestari,5810634,9754
MikeTyson,156132825,miketyson.com,Mike Tyson,5809805,6824
ZooeyDeschanel,66561957,sheandhim.com,zooey deschanel,5807943,4333
realpreityzinta,86254626,,Preity zinta,5788296,20893
TheVijayMallya,128155589,,Vijay Mallya ,5779426,12199
paulitachaves,160308387,multitalentagency.com,Paula,5778333,30916
YUVSTRONG12,59808841,youwecan.com,yuvraj singh,5762554,10068
brunogagliasso,41036546,,Bruno Gagliasso,5759122,30394
JohnCleese,10810102,johncleese.com,John Cleese,5710761,12052
ahmethc,63796949,,ahmet hakan,5710227,47791
icecube,19671129,icecube.com,Ice Cube,5701680,9271
booba,179530581,,Booba,5688315,5584
BillSimmons,32765534,grantland.com,Bill Simmons,5677934,33157
Imaginedragons,75916180,imaginedragonsmusic.com,Imagine Dragons,5668876,8523
MsLeaSalonga,31685653,leasalonga.com,Lea Salonga,5660560,30450
haashoficial,42916821,ha-ash.com,Ha*Ash,5654419,13363
simonpegg,18713254,simonpegg.net,Pegg News,5654126,16212
CherylOfficial,262881419,,Cheryl,5645359,7390
stephenasmith,16302242,stephena.com,Stephen A Smith,5628900,40768
Bellaudyaa,82648754,,Laudya cynthia bella,5621068,19191
ValeYellow46,386420143,valentinorossi.com,Valentino Rossi,5590531,4934
PretaGil,35693211,pretagil.com.br,Preta Gil,5586150,87131
silagencoglu,84620024,silagencoglu.com.tr,Sıla Gençoğlu,5561800,2212
AndreaLegarreta,142519598,,Andrea Legarreta,5559260,23388
kerrywashington,205302299,kerrywashington.com,kerry washington,5549489,34101
chrisrock,238319766,chrisrock.com,Chris Rock,5538550,2611
jennettemccurdy,15460081,,Jennette McCurdy,5522971,141
PerezHilton,19329393,PerezHilton.com,Perez Hilton,5521856,355356
SteveCarell,500042487,,Steve Carell,5520853,164
souljaboy,16827333,itunes.apple.com,Soulja Boy Tell 'Em,5515272,128686
bomanirani,113278275,,Boman Irani,5514569,9092
vjdaniel,17284624,danielmananta.com,VJ Daniel Mananta,5513095,6368
isco_alarcon,304596944,,ISCO ALARCON,5507456,1018
itsenriquegil,183078358,,Enrique Gil,5501756,1608
rodrigovesgo,41384170,youtube.com,Rodrigo Scarpa,5485263,11174
Fiuk,43132532,,Fiuk,5466392,28393
luckymanzano,134657984,,Luis Manzano,5453935,60721
DollyParton,14790966,DollyPartonEntertainment.com,Dolly Parton,5443104,2780
common,17169320,thinkcommon.com,COMMON,5412046,15186
OzzyOsbourne,24963961,ozzy.com,Ozzy Osbourne,5400119,6868
djkhaled,27673684,,DJ KHALED,5399848,96618
paramore,43003845,paramore.net,PARAMORE,5389925,5748
LeventUzumcu,99564663,leventuzumcu.com,Levent Üzümcü,5378475,49614
tyleroakley,14222536,youtu.be,Tyler Oakley / TODAY,5369246,72672
donghae861015,130834357,cyworld.com,Super Junior 이동해,5330498,2403
DONOMAR,154605679,donomar.com,DON OMAR aka KONG,5287348,45215
carlosvives,77694285,carlosvives.com,Carlos Vives,5279689,27699
jason_mraz,19018401,jasonmraz.com,Jason Mraz,5272347,4750
geneliad,92726549,,Genelia Deshmukh,5265975,8519
lenadunham,31080039,lennyletter.com,Lena Dunham,5253586,14783
jesseyjoy,27909036,jesseyjoy.com,Jesse & Joy Oficial,5249371,30443
MagicJohnson,248900032,,Earvin Magic Johnson,5230095,12197
kevinjonas,104288093,yoodapp.com,kevin jonas,5227654,9590
marley_ok,39261061,marley.com.ar,MARLEY - ALE WIEBE,5227002,44725
gabyespino,92670884,gabyespino.com,gaby espino,5217901,36760
facufacundo,83297130,facundo.tv,Facundo,5216102,21717
Lord_Sugar,160926944,,Lord Sugar,5207443,58096
Schwarzenegger,12044602,schwarzenegger.com,Arnold,5154881,7641
GNev2,287834630,,Gary Neville,5147458,17801
shfly3424,152902472,,Yesung,5122126,4008
thiaguinhocomth,62900439,thiaguinho.net,THiaguinho,5107869,31057
jessicacediel,121169579,,Jessica Cediel,5090672,31513
DiegoForlan7,130122646,diegoforlan.com,Diego Forlan,5072282,1874
farisf9,163082968,i.,فارس عوض F.A,5071692,34934
Caspar_Lee,216430965,youtube.com,Caspar Lee,5066003,9197
pamyurin,220332457,,きゃりーぱみゅぱみゅ,5062782,18449
NicoleScherzy,24741517,nicolescherzinger.com,Nicole Scherzinger,5046600,10711
GloriaTrevi,86119466,mundotrevi.com,GloriaTrevi,5041555,56597
wisinyyandel,25410548,wisinyandelpr.com,Wisin Y Yandel,5039648,10148
k_alshenaif,164963639,,خالد الشنيف,5035868,53642
Poconggg,65863622,poconggg.com,ariefmuhammad,5035247,30669
alyankovic,22461427,weirdal.com,Al Yankovic,5029006,4320
INDONESIAinLOVE,257861295,indonesiainlove.id,INDONESIAinLOVE,5028265,61176
llcoolj,19330043,m.kohls.com,Instagram  @LLCOOLJ,5021929,34360
PochoLavezzi,351921957,elpocholavezzi.com,Ezequiel Lavezzi,5018080,3078
BSchweinsteiger,1283561876,bastian-schweinsteiger.de,Basti Schweinsteiger,5001230,1840
juliaperrez,100563581,julia-perez.com,juliaperez,4981361,88538
sethmeyers,44039298,,Seth Meyers,4971072,10579
Adela_Micha,70805914,adelamicha.com,Adela Micha ,4959798,98723
wossy,17753033,catchacatchaaliens.com,Jonathan Ross,4943627,26639
MirandaKerr,141052723,mirandakerr.com,Miranda Kerr,4942819,3992
OlaAlfares,314547227,nashamahkj.org,♛ ᴏʟᴀ ᴀʟғᴀʀᴇs ♛﹟HKJ,4935185,7753
CAROLE_SAMAHA,159068666,,CAROLE SAMAHA,4920143,40176
Tyga,22733444,itun.es,T-Raww,4917919,12122
samuelmilby,83613107,,Sam Milby,4910801,5595
GreenDay,67995848,greenday.com,Green Day,4901137,2548
henrygayle,45452226,,Chris Gayle,4895316,15009
pedroalfonsoo,147828409,laboratoriodepedro.com,Pedro Alfonso,4882969,22116
usainbolt,45112524,usainbolt.com,Usain St. Leo Bolt,4879746,7620
_Pedro17_,403580183,pedro17.com,Pedro Rodríguez,4860846,897
official_flo,29547045,,FLO RIDA,4848883,24157
heidiklum,262359713,heidiklum.com,Heidi Klum,4841337,7017
Joe_Sugg,37972440,,Joe Sugg,4838769,22747
RomeoSantosPage,277180205,smarturl.it,Romeo Santos,4812325,4686
manuginobili,24342206,manuginobili.com,Manu Ginobili,4801647,6683
pattonoswalt,139162440,pattonoswalt.com,Patton Oswalt,4792268,56087
angelicaksy,46277588,,angelica huck,4788432,6901
thekillers,19661294,thekillersmusic.com,The Killers,4781115,1475
LennyKravitz,23006794,lennykravitz.com,Lenny Kravitz,4779136,3139
tiesto,40101400,tiesto.com,Tiësto,4776979,32925
LuisChataing,67736078,youtube.com,Luis Chataing,4771265,81875
olla_ramlan,59186139,,Ollaufar,4764427,27667
BethanyMota,46832898,youtube.com, Bethany Mota ∞ ,4760877,25557
polo_polo,15934029,polopolo.mx,Polo Polo,4756956,6225
TomCavalcante1,48440176,tomcavalcante.com.br,TOM CAVALCANTE,4746057,22905
steveaustinBSR,112915037,,Steve Austin,4742186,35582
ANAMARIABRAGA,36679967,anamariabraga.globo.com,Ana Maria Braga,4735708,13421
lafouine78,21744528,,lafouine,4735312,43151
alinebarros,39338168,alinebarros.com.br,Aline Barros,4729971,16046
IrfanBachdim10,214690684,jenniferbachdim.com,Irfan Bachdim,4719760,3536
IAmSteveHarvey,96846955,iamsteveharvey.com,Steve Harvey,4684839,73239
NickCannon,19571299,nickcannon.com,Nick Cannon,4678721,30090
bep,7428362,blackeyedpeas.com,The Black Eyed Peas,4670343,4141
mustafa_agha,351528904,mbc.net, Mustafa agha,4666580,154634
iamjamiefoxx,138600717,jamiefoxxmusic.com,Jamie Foxx,4641573,3298
lala,24967668,amzn.to,LA LA,4639898,28942
gitagut,90109872,gitagut.blog.com,Aluna Sagita Gutawa,4636016,8785
johngreen,18055737,johngreenbooks.com,John Green,4623480,1576
syntekoficial,36307418,syntekoficial.com,Aleks Syntek,4615724,23019
giseleofficial,55573873,giselebundchen.com,Gisele Bündchen,4614759,4716
LAURAGII,64444249,laurag.tv,Laura G,4613758,153463
yokoono,17681513,IMAGINEPEACE.com,Yoko Ono,4604843,14524
LAAZCARATE,176315005,,ALEJANDRA AZCÁRATE,4599549,7039
tonyhawk,21879024,about.me,Tony Hawk,4586000,13055
gadiiing,71755580,,Gading Marten,4585383,55505
NOAH_ID,102928627,noah-site.com,NOAH,4583001,23998
FifthHarmony,872374136,smarturl.it,Fifth Harmony,4581237,13361
esmuellert_,1670174994,es-muellert-wieder.de,Thomas Müller,4563486,2569
HilaryDuff,200913899,smarturl.it,Hilary Duff,4542978,4421
TimTebow,166270127,timtebow.com,Tim Tebow,4531964,3384
PaulaFernandes7,127680499,paulafernandes.com.br,Paula Fernandes,4529809,4740
ChinoyNacho,70162012,chinoynacho.com.ve,Chino y Nacho,4520513,20508
NoelSchajris,56521114,,Noel Schajris,4519199,60362
Schofe,18953259,officialphillipschofield.com,Phillip Schofield,4491020,36363
rampalarjun,108936259,,arjun rampal,4485301,5752
itsgabrielleu,256881576,,Gabrielle Union,4482207,29586
DrakeBell,46957344,drakebell.com,Drake Bell,4475316,3862
oscar8,2533070650,,Oscar,4466112,1432
rainnwilson,19637934,ow.ly,RainnWilson,4461347,21612
zoetheband,31241437,zoetheband.com,Zoé,4460234,9579
diegotorres,87808186,diegotorres.com,Diego Torres,4445760,10466
amyschumer,55117855,amyschumer.com,Amy Schumer,4437005,200
justdemi,19554706,,Demi Moore,4436807,5480
KyrieIrving,317370751,,Kyrie Irving,4428082,3397
officialJKT48,351535962,jkt48.com,official JKT48,4424266,21780
JonahHill,256573865,,Jonah Hill,4414772,75
urgantcom,114557496,urgantshow.ru,Ivan Urgant,4407951,1071
UncleRUSH,25110374,,Russell Simmons,4403756,68169
special1004,136885994,,Lee Teuk,4386980,3300
FePaesLeme,50821343,,Fe Paes Leme,4385640,38093
dedesecco,136140018,,deborah secco,4377550,17740
iyavillania,60583926,iyavillania.com,IyaVillaniaArellano,4360318,26232
eddieizzard,24447643,eddieizzard.com,Eddie Izzard,4357323,9330
JerrySeinfeld,336116660,jerryseinfeld.com,Jerry Seinfeld,4325499,1687
twhiddleston,391037985,,Tom Hiddleston,4324531,1841
sectorkekz,108345784,,Angelica Panganiban,4322212,13078
ErikaDLV,63263205,erikatipoweb.com,Erika de la Vega,4315899,21590
yilmazerdogan,277444134,yilmazerdogan.com,Yılmaz Erdoğan,4312888,917
BradPaisley,41265813,bradpaisley.com,Brad Paisley,4302671,8104
anakarylle,78035324,ph.omg.yahoo.com,karylletatlonghari,4298575,32597
gulbenergen,89006817,,Gülben Ergen Çelik,4297292,53845
corbuzier,48823885,youtu.be,Corbuzier,4293284,17171
psy_oppa,740216334,youtu.be,PSY,4287904,4943
julietav,38871237,julietavenegas.net,Julieta Venegas,4283972,15516
AlvaroMorata,171840420,alvaromorata9.com,Álvaro Morata,4274242,2421
nicolerichie,27778893,,Nicole Richie,4267165,221
DannyDeVito,71876190,imdb.com,Danny DeVito,4262870,7433
paulwesley,264498030,,Paul Wesley,4235435,2110
PaulMcCartney,74712538,PaulMcCartney.com,Paul McCartney,4231430,5938
KeriHilson,26516984,,Keri Hilson,4229937,14396
MarioGoetze,342599843,mario-goetze.com,Mario Götze,4213825,1438
YordiRosado,46508678,yordirosado.com.mx,Yordi Rosado,4204610,34992
mynameisrossa,180396151,pecintarossa.com,Rossa Roslaina,4193975,18746
bridgitmendler,37457377,,Bridgit Mendler,4193242,9549
Titi_KamaLL,68997312,titisaricatering.com,Titi Kamal,4186005,28113
mrsayudewi,35472557,,Ayu Dewi,4185142,12738
RealVolya,196679942,pavelvolya.com,Pavel Volya,4181439,2652
gio_antonelli,142448465,,Giovanna Antonelli,4176169,24361
RolaWorLD,505218781,ameblo.jp,ROLA,4164305,3473
KeithUrban,14790817,keithurban.net,Keith Urban,4164278,8533
Thiago6,152987149,thiagoalcantara6.com,Thiago Alcantara,4163131,2452
jaimecamil,109118967,jaimecamil.com,Jaime Camil,4162309,14695
kuyakim_atienza,130307120,,kim atienza,4160800,43830
solennheussaff,109213578,,Solenn Heussaff,4158229,23797
SintoniaVerso,382613598,,Sintonia Verso,4153515,163694
MikaSingh,613321095,mikasingh.in,King Mika Singh,4149371,33414
myfabolouslife,21278412,bloodsthicker.com,Fabolous,4149320,21570
Su_Gimenez,140538938,,Susana Gimenez,4142713,788
mh_awadi,334865866,,محمد العوضي,4125086,37953
tarkan,163082695,tarkan.com,Tarkan,4124957,556
Tbambino,65432405,titoelbambinoelpatron.com,Tito El Bambino,4123527,25918
IanMcKellen,104969057,McKellen.com,Ian McKellen,4119603,2933
Fonseca,45580261,fonseca.net,Fonseca,4113910,18389
GaryBarlow,386654472,garybarlow.com,Gary Barlow,4103819,18136
indrabektiasli,54641845,,INDRA BEKTI,4091045,58735
hulyavsar,91845185,hulyaavsar.com.tr,Hulya Avsar,4082662,4977
GaryValenciano1,135901326,garyv.com,GARY VALENCIANO,4075813,28669
ilovegeorgina,22096068,,Georgina Wilson,4073690,19020
21LVA,543533194,davidjimenezsilva.com,David Silva,4072559,1041
paulpierce34,27115071,paulpierce.net,Paul Pierce,4065725,2044
ShawnMichaels,139848744,TheShawnMichaels.com,Shawn Michaels,4052996,25194
KevinSpacey,27457788,kevinspacey.com,Kevin Spacey,4051958,2089
hitRECordJoe,24807616,hitRECord.org,Joseph Gordon-Levitt,4034303,52133
cher,124003770,cher.com,Cher  ,4014995,35651
ReikMx,47719006,reik.tv,Reik,3991469,21829
IAMJHUD,33990291,jenniferhudson.com,Jennifer Hudson,3973936,17016
AxelOficial,35877056,axelweb.com.ar,Axel,3973567,21966
JanetJackson,52939106,janetjackson.com,Janet Jackson,3965144,2209
AHMTKURAL,701699418,,Ahmet Kural,3964066,846
chinasuarez,153619589,,Eugenia Suarez ♛,3963659,11372
Manuel_Neuer,1269425228,,Manuel Neuer,3958321,156
AshBenzo,33597201,ashleybenson.net,Ashley Benson,3951682,22490
DebbyRyan,23019705,debbyryan.tumblr.com,DΞΒΒΥ RΥΛΠ,3947970,24352
TurkiAldakhil,46636018,alarabiya.net,#تركي_الدخيل,3945804,35674
mustafaceceli,43513715,mustafaceceli.com,Mustafa Ceceli,3943134,8465
Javier_Alatorre,75334313,,Javier Alatorre,3933716,9031
katedelcastillo,32745368,katedelcastillo.us,kate del castillo,3926424,13165
RevRunWisdom,23832022,globalgrind.com,Rev Run,3924762,19683
sneijder101010,279452961,,Wesley Sneijder,3917257,1579
BustaRhymes,24278900,,Busta Rhymes,3903003,31593
luisnani,252753618,,Nani,3902473,1861
GemmaAnneStyles,112457675,gemmastyles.com,Gemma Styles,3891636,10441
KP24,171117515,,Kevin Pietersen,3887778,26004
DrOz,38531995,doctoroz.com,Dr. Mehmet Oz,3871128,19794
apriliokevin,92907248,,Kevin Aprilio,3867179,305
Anggun_Cipta,24002803,anggun.com,Anggun Official,3866919,13911
FLOTUS,1349154719386775552,whitehouse.gov,The First Lady,3860577,382
belalfadl,162248086,,Belal Fadl,3859475,24104
thebeatles,27760317,thebeatles.com,The Beatles,3857453,5860
nikkigil,38815052,,Nikki Gil,3821158,13066
DaRealAmberRose,155620016,amberroseeyewear.com,Amber Rose,3788679,14353
10neto,66458391,craqueneto10.com.br,Craque Neto 10,3780290,15831
Fergie,245992215,fergie.com,Fergie,3775675,4539
JoeyGraceffa,16794568,youtube.com,Joey Graceffa,3774128,27800
wyclef,20659839,Wyclef.com,Wyclef Jean,3773679,34123
pabloalboran,119776110,pabloalboran.es,Pablo Alborán,3764246,28331
LisaSurihani,57905993,,Lisa Surihani,3762780,23683
themichaelowen,216264820,michaelowen.com,michael owen,3760312,14923
lorenzojova,101532373,soleluna.com,Lorenzo Jovanotti,3757564,17291
TheVampsband,618336955,po.st,The Vamps,3742314,23042
Nelly_Mo,24775528,nelly.net,Nelly_Mo,3731083,10865
Jason_Aldean,14791251,jasonaldean.com,Jason Aldean,3729431,18877
jasonderulo,28076276,smarturl.it,Jason Derulo,3728046,15486
MuratBoz,96185337,,Murat Boz,3725924,694
susoelpaspi,69396376,susoelpaspi.com.co,Suso el Paspi,3724065,43968
ShaneWarne,87118217,shanewarne.com,Shane Warne,3719230,19381
PrincesSyahrini,157998843,,Syahrini,3685958,3293
YosriFouda,189591533,YosriFouda.com,Yosri Fouda,3685031,4212
DJPaulyD,94360081,DJPaulyD.com,DJ Pauly D,3684002,27911
scooterbraun,16679529,scooterbraun.com,Scooter Braun,3673826,32676
RealLamarOdom,28669612,,LAMAR ODOM,3658282,730
AndreaSernaTV,143490635,andreaserna.net,Andrea Serna,3657433,30207
PBiaL,64563165,,Pedro Bial,3657015,1529
notch,63485337,notch.net,Markus Persson,3656027,90024
Torres,394581283,fernando9torres.com,Fernando Torres,3637659,1537
Alyssa_Milano,26642006,Alyssa.com,Alyssa Milano,3635460,75967
MoezMasoud,74694859,,Moez Masoud,3634985,3427
Buenafuente,6809022,andreubuenafuente.com,Andreu Buenafuente,3627255,14500
assihallani,812613596,assielhallani.com,Assi Hallani,3617709,50759
IAmJericho,44527648,chris-jericho.org,Chris Jericho,3610874,70726
eseryenenler,88910796,,Eser YENENLER,3605164,1780
CaioCastro,46011743,,Caio Castro,3574051,3431
JordinSparks,19555067,smarturl.it,Jordin Sparks,3572015,46486
Slash,22832029,slashonline.com,Slash,3564864,14291
HayesGrier,330705266,,Hayes Grier,3563188,8745
andy_murray,14123683,andymurray.com,Andy Murray,3557843,3118
officialpepe,333534411,,Pepe,3541574,497
RachelZoe,30704824,thezoereport.com,Rachel Zoe,3539896,16526
FinallyMario,1432977446,,Mario Balotelli,3528401,1217
PearlJam,15155074,pearljam.com,Pearl Jam,3518681,9365
ChrisMoyles,19982092,youtube.com,Chris Moyles,3515659,14491
JohnBishop100,46345843,johnbishoponline.com,John Bishop,3496100,11224
MarthaStewart,21324258,themarthablog.com,Martha Stewart,3485660,9665
jhongsample,190955393,,Jhong hilario,3482930,13559
handeyener,156954768,handeyener.com,Hande Yener,3480770,65903
JAlvarezFlow,86962432,youtu.be,J Alvarez Flow,3457564,72767
henrylau89,131264923,,Henry Lau,3451513,1862
rialjorge,124779370,,JORGE RIAL,3432451,86907
questlove,14939981,itunes.apple.com,Questlove Gomez,3430121,81456
deadmau5,22412376,live.deadmau5.com,deadmau5,3417943,43786
Caitlyn_Jenner,3303293865,caitlynjenner.com,Caitlyn Jenner,3417392,1021
michkeegan,221122127,,michelle keegan,3414732,11128
OfficialWillow,185739738,ketsuktiam.tumblr.com,Willy,3409069,1381
Podolski10,19596687,strassenkicker.com,Lukas-Podolski.com,3404893,8816
cerati,8273632,cerati.com,Gustavo Cerati,3402396,662
jackybrv,58538830,jackybracamontes.com,JACKY BRACAMONTES,3398642,11523
OficialGio,574511063,oficialgio.com,Giovani Dos Santos,3398581,1679
cortezrafa,47263956,rafaelcortez.com,Rafael Cortez,3397287,10830
Hadise,46357464,twist.com.tr,HADISE ACIKGOZ,3395627,6460
LizGillies,36704352,youtube.com,Elizabeth Gillies,3390021,13848
KellyOsbourne,41229669,kellyosbourne.com,Kelly Osbourne,3389447,16113
lopezandres,33905807,AndresLopez.com,Andres Lopez Forero,3386481,29868
andreolifelipe,34461692,felipeandreoli.net,Felipe Andreoli,3380662,29930
jimjonescapo,21705616,capolife.com,Jim Jones ,3379062,19950
xtianbautista,25954814,christianbautistaonline.com,Christian Bautista,3344427,26552
RobertsEmma,27678749,,Emma Roberts,3333582,7212
TheRealMikeEpps,38802447,mikeepps.com,Mike Epps,3320192,36624
NathanFillion,31353077,,Nathan Fillion,3317351,12001
bigtimerush,79536438,btrband.com,Big Time Rush,3312710,1072
joelmchale,14506253,joelmchaleonline.com,Joel McHale,3304680,8206
LaraDutta,66334209,mylaradutta.com,Lara Dutta Bhupathi,3297386,5079
SSantiagosegura,105451020,,Santiago Segura,3292778,55943
D_Ospina1,1471068170,,David Ospina,3291703,484
vazqueznico,128958788,agenciafarrell.com,Nicolas Vazquez,3290092,22214
DAVID_LYNCH,15962096,davidlynch.com,David Lynch,3282851,919
EspinozaOficial,146200269,espinozapaz.com,Espinoza Paz,3276215,9268
ochocinco,40519997,ocnnreport.com,Chad Johnson,3271373,175569
AnselElgort,216201838,,Ansel Elgort,3261672,1985
4everBrandy,27406401,,The Next Brandy,3261143,20636
AdnanAlarour,271890651,islamwasat.com,عدنان العرعور,3251606,9048
noaheverett,13058232,pingly.com,Noah Everett,3248973,9225
JimGaffigan,6539592,jimgaffigan.com,Jim Gaffigan,3244071,20823
MCHammer,6273552,alchemistmgmt.com,MC HAMMER,3235118,102900
YALINonline,22924311,yalinonline.com,Yalın,3232903,2078
JodiStaMaria,113603164,,Jodi Sta.Maria,3223245,14580
jotaquest,15104212,jotaquest.com.br,Jota Quest Oficial,3214288,29856
DeepakChopra,15588657,deepakchopra.com,Deepak Chopra,3207125,82185
TomFelton,22548403,,Tom Felton,3196613,10426
MrJamesMay,92727851,,James May,3196395,12797
KeshaRose,26090319,smarturl.it,kesha ,3191482,8081
McIlroyRory,188039706,rorymcilroy.com,Rory Mcilroy,3188944,3600
emreaydin,69293780,emreaydin.org,Emre Aydın,3179733,5857
andrescepeda,146985042,andrescepeda.com.co,Andrés Cepeda,3174681,17998
JoshDevineDrums,112289040,,Josh Devine,3174214,12208
TonyRobbins,17266725,tonyrobbins.com,Tony Robbins,3173608,11647
OneRepublic,21133007,onerepublic.com,OneRepublic,3172743,15285
cala,28058878,ismaelcala.com,Ismael Cala,3167382,101446
robertmarion,62216533,,Robi Domingo,3164564,9355
germanpaoloski,117251043,,German Paoloski,3163050,29538
ActorLeeMinHo,161419220,,Lee Min Ho,3158493,841
BoAkwon,169927844,,BoA,3144568,2094
galifianakisz,36686415,zachgalifianakis.com,zach galifianakis,3133130,107
JoeyEssex_,250090860,FuseyOfficial.com,Joey Essex,3124333,24741
MrPeterAndre,24086418,peterandre.com,Peter Andre,3122593,14581
pattiemallette,19679611,pattiemallette.com,Pattie Mallette,3120162,6722
lancearmstrong,16727535,mellowjohnnys.com,Lance Armstrong,3116657,13379
desta80s,45556398,id.m.wikipedia.org,Deddy Mahendra Desta,3111302,9756
EmilyOsment,21323673,emilyosmentofficial.com,Emily Osment,3109154,9243
kojiharunyan,135064055,,小嶋 陽菜,3107725,13175
ninagarcia,158128894,ninagarcia.com,Nina Garcia,3105467,36924
ThatKevinSmith,14681605,smodcast.com,KevinSmith,3090223,38112
DennyCagur,78223605,bit.ly,Denny Cagur ,3088013,27603
JENNIWOWW,93935921,jennifarley.com,JWOWW,3083365,29136
alo_oficial,507672047,fernandoalonso.com,Fernando Alonso,3072137,8755
RichardHammond,243662948,thehamsterscage.co.uk,Richard Hammond,3069058,2843
robdyrdek,14622632,robdyrdek.com,Rob Dyrdek,3062101,9694
XianLimm,264058981,xianlimm.com,XIAN LIM,3061729,22350
woodyinho,361150095,marcoreus.de,Marco Reus,3059986,272
FrencHMonTanA,18653699,frenchmontanamusic.com,French Montana,3038140,32451
iloveruffag,55753842,iloveruffag.com,Ruffa Gutierrez,3032927,50151
OscarFilho,9255842,bit.ly,Oscar Filho,3026112,14669
drdre,28209292,drdre.com,Dr. Dre,3007518,169
masason,99008565,softbank.co.jp,孫正義,3007253,6110
shaymitch,21219827,us.macmillan.com,Shay Mitchell,3007200,23239
sertaberener,32062132,sertab.com,Sertab Erener,3006993,5228
FatinSL,967748192,fatinsl.com,Fatin Shidqia Lubis,3000187,10472
officialtulisa,109705251,,Tulisa Contostavlos,2995673,8785
VincentKompany,436702610,,Vincent Kompany,2988496,2435
NellyFurtado,50751556,nellyfurtado.com,Nelly Furtado,2977328,90
Yusuf_Mansur,305935546,yusufmansur.com,Yusuf Mansur,2970935,5467
GiulianaRancic,21681809,giulianarancic.com,Giuliana Rancic,2969983,19227
willylevy29,153295172,,william levy,2964171,4509
sebastianrulli,95482484,rullinaticasworld.blogspot.com.es,Sebastian Rulli,2928587,22248
jamesmaslow,69751644,sherlockholmesonstage.com,James Maslow,2921705,14486
VeraBrezhneva,127680760,brezhneva.com,Вера Брежнева,2911067,5615
manomenezes,27710376,manomenezes.com.br,Mano Menezes,2910673,1247
jackgilinsky,278328390,apple.co,Jack Gilinsky,2908308,6179
Joey7Barton,166767883,joeybarton.com,Joseph Barton,2901927,21506
neilhimself,18393773,neilgaiman.com,Neil Gaiman,2899891,179506
Tyrese,24621955,smarturl.it,Vision Implementer  ,2890610,49990
SeanKingston,23648057,seankingston.com,SEAN KINGSTON ©,2886417,24661
LaurenConrad,34097876,laurenconrad.com,Lauren Conrad,2886047,7160
shymofficiel,125430181,shymofficiel.com,Shy'm,2882831,16317
OscarDLeon,89303321,youtube.com,Oscar D' Leon,2878810,36351
MarcusButler,81825702,youtube.com,Marcus Butler,2877131,12177
TravieMcCoy,39325978,traviemccoy.com,Travie McCoy,2858850,5219
Flordelav,105838056,WWW.FLORDELAVE.COM,Flor De La Ve,2853171,29332
JakeTAustin,19882775,,Jake T. Austin,2846903,3547
Charlottegshore,278103138,officialcharlottecrosby.com,Charlotte Crosby,2833103,36586
therealjuicyj,24275419,thejuicyj.com,juicy j,2832295,47023
sgokbakar,292535614,,Şahan Gökbakar,2828685,4354
AllRiseSilver,145548166,,Dalnim,2828234,1424
SaraBareilles,6211972,sarabmusic.com,Sara Bareilles,2826467,13545
brookeburke,18420140,,Brooke Burke-Charvet,2820232,27419
iqbaale,141186163,,IqbaalDhiafakhri-IDR,2804679,15505
VINNYGUADAGNINO,95515846,podcastone.com,Vinny Guadagnino,2804383,16371
Garik2000,340466920,,Гарик Харламов,2802158,7434
DavidSpade,22657153,,David Spade,2800397,5240
FannyLu,28641033,fannylu.com,Fanny Lu,2794890,11833
LeighFrancis,20632700,leighfrancis.tv,Leigh Francis,2786229,58977
EleanorJCalder,464139666,thetrendpear.com,Eleanor Calder,2784632,1723
1LoganHenderson,108538006,,Logan Henderson,2767690,3774
DaneCook,20978103,,Dane Cook,2765084,19313
showimah,123206116,,Soimah,2764285,9251
RyanSheckler,29842036,ryansheckler.com,Ryan Sheckler,2760081,4709
ristomejide,74992460,ristomejide.com,Risto Mejide,2736508,33002
wilw,1183041,wilwheaton.net,Wil SCREAMton,2732596,73956
CMPunk,177345928,cmpunk.com,Coach,2729270,21056
markhoppus,21955058,himynameismark.com,Dadcula,2715222,3178
ThisisDavina,44101412,thisisdavina.com,Davina McCall,2713530,45151
manaoficial,95715393,mana.com.mx,Maná,2695126,6678
AdalRamones,96187825,,Adal Ramones,2690928,37481
radioleary,176486829,johnnoel.com,Dermot O'Leary,2684458,18885
ErinAndrews,120943272,erinandrews.com,Erin Andrews,2684000,23423
dhikacungkring,114761346,,andhika pratama,2682420,33931
xuxameneghel,12078472,xuxa.com,Xuxa.com,2679472,5579
Niltakipte,20348773,niltakipte.com,Nil Karaibrahimgil,2670964,4337
ReggieBush,62902439,ReggieBush.com,Reggie Bush,2668562,9137
smosh,19604744,apple.co,Smosh,2667796,46796
RebelWilson,149590738,,Rebel Wilson,2662635,6380
biz,13,jelly.co,Biz Stone,2649834,9883
mariagadu,44229128,mariagadu.net,Maria Gadú,2649051,5584
MarkWright_,45831321,,Mark Wright,2645652,16626
drdrew,14515734,drdrew.com,Dr Drew,2640546,16968
feliciaday,7861312,feliciaday.com,Felicia Day,2640122,40359
CraigyFerg,112508240,,Craig Ferguson,2615050,2933
angelicavale,43859592,,Angelica Vale,2614255,21667
kenandogulu,69683823,,Kenan Doğulu,2614014,1892
carterreynolds,363961928,youtube.com,Carter Reynolds,2576608,18435
SteveNash,20416406,,Steve Nash,2574765,4581
amandabynes,243442402,,amanda bynes,2564487,12
TheCarlosPena,120557765,lexlos.com,Carlos PenaVega,2563768,8659
DavidHenrie,20620967,,David Henrie,2553966,10288
gisel_la,48562147,,Gisella Anastasia,2540202,15080
drose,612792060,drosehoops.com,Derrick Rose,2525808,91
aaronpaul_8,332638587,slashfilm.com,Aaron Paul,2525682,31
carlosbaute,57912874,carlosbauteoficial.com,Carlos Baute,2523391,9532
zairana,74622617,zairanara.com,Zaira Nara,2506675,15515
greysonchance,144380789,greyson-official.com,Greyson Chance,2481686,10062
hardwick,15666380,,Chris Hardwick,2467419,40372
robbiewilliams,69610339,robbiewilliams.com,Robbie Williams,2458925,5497
Omar_Almulhem,486023178,,عمر الملحم,2455541,59371
TheRealAC3,710064516,,Ashley Cole,2449061,1282
AlfredoFlores,19743731,,Alfredo Flores,2440138,41380
sarseh,61091504,,sarah sechan,2434942,22396
danimartinezweb,99792462,danimartinez.es,Dani Martínez,2428355,31334
BIRDMAN5STAR,38127255,stunnalife.com,BIRDMAN,2426588,10552
AdelAliBinAli,542936786,,عادل علي بن علي,2423053,160040
mnzadornov,161199279,youtube.com,Михаил Задорнов,2418486,6906
Dbolina,69023599,,Dani Bolina,2413204,24594
lottietommo,272561314,lottietomlinson.com,Lottie Tomlinson,2408886,5012
mariko_dayo,162644645,mariko-shinoda.net,篠田麻里子,2395549,18925
SamNasri19,230567975,,Samir Nasri Official,2386914,618
DaniellePeazer,105296218,youtube.com,Danielle Peazer,2381238,23376
jimmyeatworld,14994465,jimmyeatworld.com,Jimmy Eat World,2371407,6959
kingsthings,22685200,ora.tv,Larry King,2366216,16520
MrsSOsbourne,43283406,sharonosbourne.com,Sharon Osbourne,2348026,5818
adamlambert,46576295,adamofficial.com,ADAM LAMBERT,2328907,9496
omeshomesh,59101459,anomindonesia.com,ananda omesh,2327345,14879
SleepintheGardn,130991061,katuriankaturiankaturian.tumblr.com,Troian,2323300,8336
TheMandyMoore,21774892,,Mandy Moore,2319060,5983
NathanKress,22592948,imdb.com,Nathan Kress,2317654,7723
RealPaulWalker,197034645,paulwalkerfoundation.org,Paul Walker,2316364,2366
danisuzuki,46196327,danisuzuki.com.br,Dani Suzuki,2309613,9389
Fabio_Coentrao,329789735,,Fabio Coentrao,2304840,132
TomDaley1994,53732896,tomdaley.tv,Tom Daley,2303625,8880
bobsaget,38536306,bobsaget.com,bob saget,2287027,3249
jhutch1992,44312605,joshhutcherson.com,Josh Hutcherson,2282181,586
Stromae,52496551,stromae.net,Stromae,2273941,690
SeppBlatter,138388408,,Joseph S Blatter,2265204,2440
nxzerooficial,23532872,nxzero.com.br,NX Zero,2258692,13269
shitmydadsays,62581962,,Justin,2255146,173
macklemore,18159470,DowntownTheSong.com,Macklemore,2245854,18602
jeremypiven,20221159,imdb.com,Jeremy Piven,2232179,5516
KendraWilkinson,29611918,,Kendra Wilkinson,2231521,22577
kylieminogue,63172203,Kylie.com,kylie minogue,2199545,14197
ashleesimpson,26885308,ashleesimpsonmusic.com,Ashlee Simpson Ross,2191961,1297
JeremyBieber,87781747,shots.me,Jeremy Bieber,2191533,6179
depechemode,26347170,depechemode.com,Depeche Mode,2180633,1357
HeffronDrive,29898542,itun.es,Kendall Schmidt,2179308,12650
mariashriver,19362341,mariashriver.com,Maria Shriver,2173276,21793
chriscolfer,32985158,thelandofstories.com,Chris Colfer,2148744,4376
michaelbuble,27911944,michaelbuble.com,Michael Bublé,2147559,3478
DENISE_RICHARDS,24523660,deniserichards.com,Denise Richards,2127152,14468
ayseozyilmazel,51701366,ayseozyilmazel.net,ayse ozyilmazel,2124191,18834
6BillionPeople,33923443,MarquisTrill.com,MarQuis Trill,2076640,183452
williebosshog,254189974,,Willie Robertson,2062168,2277
jasonsegel,407977463,,Jason Segel,2019765,335
williecolon,46919513,williecolon.com,Willie Colón,2002185,73452
PaulaAbdul,27750488,PaulaAbdul.com,Paula Abdul,1997841,26712
Dynamomagician,29268463,,Dynamo,1992360,34896
KatGraham,18470958,katgraham.com,Kat Graham,1959478,25324
AudrinaPatridge,48399528,audrinapatridge.com,Audrina Patridge,1953394,6739
luke_brooks,60050843,m.youtube.com,Luke Brooks,1862773,14399
JackHarries,315919021,jacksgap.com,Jackson Harries,1766578,8647
elmorenomichael,183731193,elmorenomichael.tv,EL MORENO MICHAEL,1282921,44313
Angelluisr,20490840,verawear.mobapp.at,Angel Rivera,1129726,8419
AlbertoCiurana,24516380,univision.com,Alberto Ciurana,1098008,90396
D_Copperfield,53569692,davidcopperfield.com,David Copperfield,975905,12359
BRUNOIERULLO,29441764,brunoierullo.com,BRUNO IERULLO,959299,1022
dumbassgenius,174144887,rickrosner.com,Rick G. Rosner,894165,69461
DavidKWilliams,34717352,fishbowlinventory.com,DavidKWilliams,847839,27816
ceracoat,77812872,ceracoat.me,Dr Elio Keller,807865,5405
drangelocarbone,190774889,drangelocarbone.wordpress.com,Dr. Angelo Carbone,746231,111151
VigilanteArtist,169272033,alejandrovigilante.com,Alejandro Vigilante,583438,62518
DjKingAssassin,744150240136044544,djkingassassin.com,DJ KING ASSASSIN,474121,137410
bonnovanderputt,476946794,,bonno van der putten,437541,26575
siyovushdustov,507005731,siyovushdustov.com,Siyovush Dustov,419463,3
ryeong9,718030824117968897,,SUPER,12550,0
mishari_alafasy,2804435462,misharialafasy.net,مشاري راشد العفاسي,7707,20818
Real_Liam_Payne,763387042772516864,onedirectionmusic.com,Liam,6882,0
iamdiddy,816335203069267968,Smarturl.it,Sean Diddy Combs,6670,0
sonunigam,1001041336433229826,sonunigam.in,Sonu Nigam,1337,3
kc_concepcion,785043752951742464,,KC Concepcion,1294,270
MaiteOficial,1319870618154815488,,Maite Perroni B,1294,67
bepe20s,3309596149,bambangpamungkas20.com,•Bambang Pamungkas•,1014,104
rossR5,936369369411653632,R5rocks.com,Ross Lynch,869,0
FarrukoPR,760191777987059712,smarturl.it,Farruko,694,0
JamesFrancoTV,981339440437186561,jamesfrancotv.com,James Franco,519,0
TherealTaraji,1257746276944248832,,Taraji P. Henson,460,0
sonakshisinha,1465718519954214912,,Sonakshi Sinha,439,6
jupaesoficial,728247486129811456,julianapaes.com.br,Juliana Paes,438,1
tonyhsieh,842812652233547776,deliveringhappiness.com,Zappos.com CEO -Tony,429,0
WWEDanielBryan,179649115,,Daniel Bryan,429,2
smoshanthony,738763514009899009,SMOSHTheMovie.com,Anthony Padilla,370,2
paurubio,1007334791656636416,paulinarubio.com,Paulina Rubio,350,0
KattPackAllDay,381790789,,Katt Williams,212,15
LukeBryanOnline,1367134219361792002,umgn.us,Luke Bryan,207,1
ladyantebellum,1271100348770521088,ladyantebellum.com,Lady Antebellum,206,0
cadieckmann,2345438821,,carolina dieckmann,104,1
YASSER_Q_Y20,1194958374514941953,alqanas.com.sa,YASSER.S.ALQAHTANI,100,1
SabrinaSatoReal,2152543256,,Sabrina Sato Rahal,69,1
soujorge,1268316455197708288,seujorge.com,Seu Jorge,49,1
FrancoDVita,1149241156007604224,francodevita.com,Franco De Vita ,28,15
1victorvaldes,1222630573807677440,,Victor Valdes,15,5
shireensungkar,541561178,shireen-sungkar.tumblr.com,shireen sungkar,13,0
afgansyah_reza,972732792055279622,afganworld.com,afgansyah reza,10,130
AlanCarr,724597264027516928,alancarr.net,Alan Carr,3,21
_CristineReyes_,1368831785690296322,,Cristine Reyes,3,0
Ferrynimous,1368840000922476546,soundcloud.com,Ferry Yolanda F,2,0
AlKohler7KEPO,1368835412081315843,,Al Ghazali Kohler,2,0
ArianaGrande,,smarturl.it,Ariana Grande,,
EmWatson,,,Emma Watson,,
aamir_khan,1504197044482809860,aamirkhan.com,Aamir Khan,0,0
tyrabanks,,tyra.com,Tyra Banks,,
kelly_clarkson,,kellyclarkson.com,Kelly Clarkson,,
sherinasinna,1329133826639990784,sherinamunaf.com,Sherina Sinna,0,3
enrique305,,enriqueiglesias.com,Enrique Iglesias,,
ollyofficial,,smarturl.it,Olly Murs,,
jedarcantik,,jessicaiskandar.com,Jessica Iskandar,,
MTLovenHoney,,Facebook.MarioTeguh.asia,Mario Teguh,,
pittyleone,,pitty.com.br,Pitty ,,
oceara,1451338682674434052,oceara.com.br,Ceará - Wellington,0,0
LanaDelRey,,lanadelrey.com,Lana Del Rey,,
officialjaden,,MSFTSrep.com,Jaden Smith,,
DrBassemYoussef,,,Dr Bassem Youssef,,
lilyallen,,lilyallenmusic.com,lily,,
Ahlam_Alshamsi,,ahlam-alshamsi.com,Ahlam - احلام,,
CasillasWorld,789098308157468672,ikercasillasworld.com,Iker Casillas,0,1
RedHourBen,,,Ben Stiller,,
siwon407,890533723946364928,N407.com,SIWON CHOI,0,0
TiagoLeifert,,,Tiago Leifert,,
msleamichele,,,Lea Michele,,
yelyahwilliams,,smarturl.it,hayley from Paramore,,
montesjulia,1321093806016647177,,Julia Montes,0,50
BillCosby,,BillCosby.com,Bill Cosby,,
lordemusic,4532878896,lordemusic.tumblr.com,Lorde,0,0
Jenna_Marbles,,youtube.com,Jenna Mourey/Marbles,,
samsmithworld,,,SAM SMITH,,
FreddyAmazin,,FREDDYAMAZIN.COM,FREDDY,,
TheMattEspinosa,,CREATIVECOLLABTOUR.com,Matthew Espinosa,,
blakegriffin32,,blakegriffin.com,Blake Griffin,,
laliespos,,,Lali Esposito,,
missA_suzy,,missaworld.com,숮이,,
MPOFFICIAL,,mpokoramusic.fr,Matt Pokora,,
S_C_,,,Mr. Carter,,
RealTracyMorgan,,,Tracy Morgan,,
rickyrozay,,smarturl.it,BlackBottleBoy,,
huryazarlar,,hurriyet.com.tr,Hürriyet Yazarlar,,
lnsaneTweets,,,Can u not,,
mark_wahlberg,,,Mark Wahlberg,,
PointlessBlog,,YouTube.com,Alfie Deyes,,
Elovera22,,emiliolovera.com,Emilio Lovera,,
marceloadnet0,,gshow.com,Marcelo Adnet,,
carocruzosorio,,,Carolina Cruz Osorio,,
fucktyler,,golfwang.com,"Tyler, The Creator",,
JackJackJohnson,,itun.es,Jack Johnson,,
MannyPacquiaoTR,,,Manny Pacquiao,,
MsLaurenLondon,,,Lauren London,,
wandaicardi,,,Wanda Icardi,,
S1dharthM,,,Sidharth Malhotra,,
superstarrajini,,,Rajinikanth,,
MikeVick,,fanduel.com,Mike Vick,,